uid,count_late_for_work_1m,count_late_for_work_2m,count_late_for_work_3m,count_early_from_work_1m,count_early_from_work_2m,count_early_from_work_3m,count_day_off_1m,count_day_off_2m,count_day_off_3m,count_workdays_weekend_1m,count_workdays_weekend_2m,count_workdays_weekend_3m
55519,8,12,17,2,6,23,12,23,23,1,11,21
92377,20,20,50,2,6,14,25,48,53,14,29,47
05698,4,12,24,24,43,46,10,30,40,20,49,54
45328,3,18,44,0,8,15,8,16,21,13,22,27
16942,9,25,43,5,20,34,1,11,37,4,19,27
21735,14,28,52,18,44,48,7,10,21,3,20,25
16687,2,12,15,1,30,31,8,10,33,6,16,25
73100,6,15,20,14,15,17,15,18,22,4,4,12
87592,20,28,50,4,4,8,3,11,13,10,19,27
97288,11,18,39,11,30,36,16,37,53,10,28,31
44776,17,32,34,0,16,20,21,21,43,5,14,16
28049,29,34,46,7,10,14,9,29,53,26,36,36
40414,8,15,21,10,28,38,0,1,8,3,20,34
32005,9,11,20,9,37,55,8,26,37,14,22,28
89070,1,19,42,12,13,31,12,40,52,22,46,49
18514,10,19,21,15,16,18,14,23,23,15,30,35
92993,8,37,38,8,12,22,10,26,34,12,13,17
17468,14,16,29,10,17,32,6,15,18,10,31,45
75192,8,18,20,2,5,27,30,37,45,4,4,13
38927,6,16,40,6,8,12,2,6,13,8,12,28
82759,8,17,28,2,7,36,5,18,25,15,17,28
03793,0,9,33,1,25,35,2,20,41,6,7,26
78076,16,43,43,20,26,31,12,23,23,4,7,25
05755,12,24,45,3,8,17,17,37,47,28,34,51
44951,2,7,7,7,8,14,9,12,30,4,7,9
70104,11,13,23,6,8,17,14,20,30,7,8,23
23356,13,33,50,26,29,35,10,33,38,3,22,37
22894,11,23,27,2,9,10,8,11,31,8,19,40
84588,2,21,32,8,10,16,4,4,11,9,17,22
97993,8,12,26,2,22,25,18,18,23,13,24,24
60169,25,25,29,1,7,27,6,6,6,3,8,16
52807,14,43,46,17,19,35,6,17,47,8,18,26
39819,5,21,36,8,19,38,20,39,46,6,10,20
17604,17,21,26,11,14,37,1,10,16,17,25,32
66168,7,17,36,21,25,27,18,27,29,8,19,23
48244,30,57,76,8,14,21,9,13,21,9,13,22
74782,10,16,18,28,33,40,14,19,29,23,28,47
30303,7,9,20,12,28,31,10,24,41,8,32,34
09794,5,6,28,11,17,20,9,20,25,8,18,31
06269,1,4,6,5,16,36,24,36,39,3,21,36
44677,9,26,40,16,19,35,5,5,11,25,45,56
54680,9,28,32,4,4,11,9,9,9,2,3,12
26802,10,29,41,25,40,49,0,1,1,17,21,49
04270,7,10,34,23,35,47,30,40,42,5,19,46
79928,28,30,47,9,14,17,2,4,5,18,25,38
99464,17,30,30,22,37,56,4,10,18,5,22,37
83310,5,13,22,20,39,59,7,9,9,11,11,28
28421,0,17,25,5,29,34,3,7,7,19,27,41
14496,7,21,38,11,15,18,19,31,35,11,30,36
43311,0,28,55,3,7,20,7,24,31,0,18,47
14525,2,24,39,4,8,16,11,19,28,22,25,26
06273,4,13,43,4,9,9,12,14,23,3,14,17
00806,17,21,40,13,30,40,5,18,36,10,21,40
01088,2,3,22,2,7,22,0,2,5,3,30,30
02969,20,30,49,11,28,40,10,20,23,3,10,23
10710,20,25,52,21,21,28,6,9,13,19,19,28
94216,10,20,31,20,37,41,3,5,22,1,9,36
48214,15,24,32,12,15,20,5,15,19,6,30,38
07962,13,38,44,16,40,44,6,6,11,3,26,33
71231,4,9,29,21,21,35,9,17,35,9,18,24
55643,15,18,35,10,10,15,3,11,28,16,17,23
63624,12,20,43,2,13,13,1,19,27,6,33,56
71147,6,6,14,19,29,38,6,11,26,3,21,26
68048,8,17,27,4,7,27,2,10,11,12,20,36
75852,25,43,66,5,24,25,0,6,30,2,11,14
76074,13,28,40,13,28,33,9,12,13,2,16,22
63177,3,23,49,30,46,46,8,19,29,15,21,38
08058,7,13,31,8,18,23,20,20,20,10,24,32
51943,25,30,34,1,3,7,8,14,21,6,6,12
91265,6,9,18,5,23,33,10,31,34,5,5,13
43965,3,31,51,0,17,23,14,20,25,0,10,17
55956,7,7,26,14,15,24,8,10,14,8,36,54
64050,24,44,59,0,12,14,16,18,18,6,12,29
78475,10,19,26,21,43,65,5,7,32,15,27,42
97048,3,19,25,0,19,23,23,49,49,4,18,29
33705,10,19,28,19,21,51,2,5,19,7,12,16
61246,26,28,37,9,21,30,14,22,32,4,12,13
81165,8,19,21,11,29,38,7,15,33,15,38,44
40806,3,13,36,7,8,8,6,6,17,5,24,53
41828,13,23,34,30,40,42,14,37,57,4,13,19
88374,2,10,29,14,18,34,20,26,39,7,8,12
83884,11,41,49,10,20,26,1,16,20,16,25,35
13445,28,35,36,28,40,48,12,17,33,16,23,34
73256,3,9,16,15,15,17,2,10,30,13,43,49
63781,4,5,15,10,11,27,22,32,54,1,10,30
75195,21,22,37,24,35,58,7,8,9,13,24,35
03893,1,11,20,4,6,8,14,15,28,3,19,38
63744,1,1,13,3,5,5,18,23,32,26,32,41
55007,20,31,39,1,9,9,5,11,15,8,18,44
06405,30,37,67,9,17,31,1,25,55,2,22,27
61225,9,9,11,1,28,38,19,19,40,11,24,32
35303,8,9,20,12,17,23,4,14,35,20,21,22
75084,24,36,36,3,11,12,8,9,17,30,45,57
83796,17,29,36,6,6,17,19,25,35,26,33,45
30223,10,14,20,24,34,44,16,44,44,9,16,18
77505,27,48,52,0,14,21,19,29,43,13,29,44
07758,8,14,27,8,19,21,2,5,14,10,26,35
31582,1,5,20,10,29,34,14,17,19,10,21,26
93269,13,36,54,2,28,33,3,7,7,1,8,21
52622,10,24,44,2,4,24,27,45,75,10,16,18
98667,3,18,18,5,6,11,9,9,20,0,2,3
74500,4,10,21,18,30,54,8,21,32,2,21,25
18192,8,28,46,0,30,40,6,12,20,1,9,12
82467,4,11,14,7,23,27,5,13,21,5,6,26
12514,11,13,25,2,15,21,20,41,49,1,8,23
07800,13,16,42,3,12,21,13,28,29,15,28,30
34441,14,29,37,18,33,48,20,50,67,17,30,31
65538,8,25,46,20,29,31,0,10,21,10,12,26
36919,22,36,41,18,22,30,2,19,20,0,0,5
91782,4,10,25,9,19,49,20,36,45,9,23,31
37753,10,12,18,14,23,52,10,11,15,19,32,34
77069,4,6,12,5,15,35,4,6,6,7,8,22
17590,9,12,16,3,32,45,15,25,31,25,25,28
47987,16,24,34,10,13,32,13,30,48,1,1,11
93342,18,44,49,13,21,25,29,35,43,14,22,38
79050,19,23,24,4,12,15,4,9,10,9,14,31
90693,21,40,59,10,37,37,17,30,30,8,26,31
17570,29,36,52,4,14,44,8,15,33,12,25,44
80967,19,21,25,9,27,34,10,28,28,8,15,20
81739,8,9,27,1,20,44,9,29,35,20,20,40
13334,6,18,24,18,21,28,7,22,42,2,15,32
70543,5,23,50,10,10,15,19,20,37,11,13,18
50297,19,21,35,7,25,47,6,25,44,8,8,24
33593,15,37,54,5,28,55,1,26,36,3,13,15
82344,7,12,24,6,23,41,29,39,55,2,12,22
52369,30,42,48,4,11,18,9,25,31,0,10,20
01855,9,38,67,0,1,12,5,5,15,0,14,28
37388,6,15,31,9,11,34,8,36,41,10,12,22
08842,13,27,36,2,21,25,8,14,19,2,7,35
67056,5,6,8,13,20,26,10,29,31,19,27,44
95051,0,9,31,14,18,23,5,5,23,20,37,59
04303,21,25,40,18,32,41,0,22,28,5,12,21
83886,6,17,35,7,20,20,19,19,22,13,40,54
98775,19,21,23,11,11,11,25,44,47,7,14,18
42891,4,14,17,0,5,24,4,12,16,8,26,27
55728,17,26,35,6,13,32,3,4,5,10,19,21
15404,2,6,11,1,1,1,18,24,28,10,12,18
11878,7,16,23,20,26,33,1,5,13,4,8,10
31487,25,30,37,8,31,36,7,26,38,27,31,36
91625,24,41,50,7,14,16,8,9,10,2,25,27
29312,4,18,22,4,5,35,10,20,30,6,16,28
49411,3,9,16,8,16,25,16,26,27,10,23,27
03625,28,45,49,11,37,55,3,31,42,8,13,17
61737,29,48,67,9,15,16,23,33,56,6,13,22
11505,10,12,14,0,8,10,0,7,7,11,33,38
63339,7,32,41,30,37,43,9,37,48,7,15,23
67725,17,45,64,9,37,44,7,7,15,0,4,5
15346,19,26,33,6,23,33,10,24,29,22,37,43
44538,3,8,16,7,24,27,15,22,25,0,9,9
63067,10,39,52,20,25,33,9,23,29,9,24,24
55686,5,12,32,2,4,14,8,21,29,12,19,22
87316,5,10,24,2,30,31,1,17,17,13,14,20
33608,15,15,30,1,13,13,5,7,12,18,34,62
66347,3,7,11,5,7,18,2,12,22,19,25,28
21994,5,6,8,21,38,43,0,20,28,3,12,13
93631,4,14,27,16,21,34,14,28,38,19,27,27
64826,1,7,21,15,18,25,18,26,28,5,9,29
28060,5,14,30,3,14,15,0,15,45,12,16,27
37620,7,16,43,12,17,44,15,21,36,9,19,33
47764,17,27,31,1,20,26,23,30,48,25,30,57
62607,15,18,36,12,12,13,5,10,12,15,24,43
57639,11,19,32,8,11,29,13,29,31,7,10,20
02783,6,12,12,10,35,52,8,17,18,8,13,30
86855,1,7,9,26,30,41,30,60,87,19,46,47
39385,9,16,19,16,21,21,10,16,38,5,7,35
09442,8,8,10,0,15,22,22,32,36,7,16,24
07420,3,12,12,4,4,13,1,18,31,2,10,14
31789,7,16,20,12,26,32,16,18,36,20,22,27
31817,20,23,37,1,9,9,9,20,23,5,22,45
58288,6,9,17,6,12,20,3,12,30,20,28,32
79251,23,34,41,18,23,35,19,37,38,10,20,36
20510,4,20,39,9,13,20,19,24,27,24,29,54
66222,6,12,19,0,24,27,13,32,49,14,24,32
03053,3,25,47,18,28,45,9,21,28,9,17,30
89009,14,17,36,15,15,22,5,6,22,23,50,64
36303,0,17,42,9,14,14,6,32,36,10,23,26
14627,10,18,19,0,9,14,11,13,17,5,34,35
04290,15,17,20,23,32,45,9,15,30,4,24,39
86963,2,32,37,5,24,29,8,13,22,12,12,28
55348,1,1,5,25,38,51,8,15,18,12,21,31
87112,17,31,50,9,29,39,6,13,30,11,40,65
89766,5,14,30,9,14,33,13,15,34,5,33,45
18281,15,19,27,18,37,64,8,8,35,10,30,30
88295,4,7,28,12,16,22,10,35,45,1,2,3
13386,8,11,20,3,12,32,10,19,19,10,27,35
60931,10,10,15,21,28,37,12,17,33,17,18,23
35689,12,18,22,21,21,49,10,15,22,0,6,26
08314,1,17,21,17,17,21,0,2,15,3,7,13
43617,4,23,39,10,13,39,8,14,40,10,20,38
97001,0,2,11,12,20,33,22,32,42,27,33,63
24745,2,7,12,1,20,23,20,50,56,8,24,42
88540,15,23,33,5,11,27,5,14,43,8,38,53
94186,30,32,51,5,7,10,6,9,12,7,27,28
46293,19,23,24,7,15,17,3,25,39,20,39,40
93141,1,2,8,7,24,31,26,36,62,27,35,45
76609,9,16,21,4,20,27,2,26,29,8,30,31
97843,1,1,5,9,19,35,13,31,34,10,12,12
19312,14,28,49,0,10,13,18,32,39,10,10,29
88866,16,33,44,8,11,18,6,14,24,23,31,36
51511,9,16,32,6,16,40,9,9,11,3,21,36
65107,13,22,31,12,13,17,10,17,31,9,13,28
49815,18,25,32,2,17,19,12,15,16,0,11,11
69867,20,36,47,17,34,34,11,15,31,0,29,43
94963,15,21,23,6,15,28,0,28,28,10,11,20
38084,11,15,21,2,3,6,14,29,41,16,32,48
74942,8,11,17,2,9,9,17,30,30,26,45,54
25058,7,10,35,8,17,21,21,26,49,16,23,24
46282,7,27,38,0,20,37,0,15,23,9,16,29
34301,9,38,43,1,27,27,3,12,14,2,11,18
60609,17,23,23,18,19,19,20,24,32,7,23,40
49527,15,19,28,17,24,24,9,16,30,10,15,27
06931,13,22,26,7,20,41,7,23,24,20,20,30
76282,0,13,39,16,21,21,9,10,12,2,4,17
56995,10,23,25,15,18,27,5,35,53,2,9,20
48452,10,20,28,2,31,44,30,41,57,1,10,11
14623,0,4,14,6,8,29,10,18,21,22,25,27
20252,10,22,41,7,27,30,6,6,9,14,15,33
80741,21,38,38,4,12,27,28,42,70,16,43,43
49243,7,15,25,3,7,25,5,14,18,19,28,31
49651,3,33,42,6,12,23,25,49,56,7,12,20
96605,14,22,38,13,19,29,18,26,55,4,11,24
40238,5,20,21,15,40,56,6,9,19,4,7,11
87168,30,54,57,2,11,32,20,20,30,0,8,26
94412,27,39,52,12,21,27,25,37,43,2,10,17
62499,7,8,26,9,25,31,4,32,51,10,15,32
77596,4,13,31,1,4,4,4,15,20,18,22,37
94333,26,52,61,0,14,19,23,30,30,8,32,44
70370,6,22,36,11,27,29,14,23,34,18,40,68
53223,19,27,45,8,18,20,10,16,34,9,9,9
67155,8,16,42,5,21,35,17,27,37,10,25,32
49386,8,34,38,13,22,41,1,13,31,19,35,61
81881,4,22,39,11,15,17,0,22,26,1,7,12
02204,30,40,44,7,11,31,2,12,14,26,56,57
49157,10,16,24,11,18,45,7,13,17,21,44,47
91728,8,12,13,20,38,39,3,11,15,10,27,27
47036,9,14,24,5,32,50,7,9,16,19,25,28
23403,30,40,48,6,13,18,13,40,44,9,35,44
02565,13,20,20,15,27,28,7,27,35,3,23,27
16207,24,52,71,14,18,34,15,17,18,17,26,51
74826,2,5,34,6,11,16,8,11,20,10,15,39
54633,7,27,45,2,2,14,8,23,37,19,27,29
67488,10,24,43,21,27,45,29,46,47,19,29,30
45080,16,19,23,0,1,6,11,18,42,5,33,38
37575,22,22,44,2,9,21,10,11,29,19,21,24
51506,4,21,26,11,41,49,3,4,20,16,19,34
02549,0,5,20,18,18,21,17,19,40,8,21,34
06088,1,9,19,7,24,27,0,20,40,10,18,18
27654,26,38,38,23,28,49,12,28,31,15,31,45
26331,14,21,48,4,4,6,14,30,43,1,1,2
10681,28,38,61,13,31,39,10,20,40,6,20,45
67275,8,19,20,11,34,35,3,9,27,15,35,38
68125,0,22,41,16,25,42,10,13,17,4,14,40
96651,8,10,11,14,20,48,1,17,28,20,23,41
01239,5,13,21,29,56,66,10,13,16,27,35,40
86453,20,29,29,3,10,40,28,41,44,18,19,25
72090,0,16,36,22,45,54,2,31,36,5,14,40
97263,4,9,25,10,27,27,4,26,31,0,19,38
72409,10,19,20,17,21,25,1,7,13,18,24,32
59197,20,28,46,6,8,18,4,6,24,12,15,37
56713,5,10,16,9,16,21,4,23,45,24,34,51
48187,7,17,43,0,5,7,9,16,27,5,12,12
42953,18,28,38,9,30,47,8,21,30,9,10,18
09242,2,12,25,6,8,27,11,17,34,2,19,26
72637,8,20,44,2,22,22,16,30,40,6,15,16
00059,23,27,50,18,20,27,9,14,23,10,18,24
96930,10,13,21,7,10,14,0,20,30,2,9,17
87543,3,21,32,5,14,41,23,32,48,1,4,22
85681,22,28,44,3,22,31,8,17,34,5,17,20
05280,6,10,15,4,23,24,20,28,34,13,15,34
51637,7,11,41,29,29,39,20,29,31,21,37,41
72623,17,25,40,7,9,9,2,8,14,28,49,56
90319,17,39,49,9,16,31,8,25,25,8,23,51
44077,5,16,19,11,13,22,3,9,19,19,25,40
28931,0,7,21,20,30,45,15,23,24,1,7,8
35665,5,8,31,7,12,17,9,13,37,10,13,19
95310,5,9,13,4,11,17,20,28,45,7,9,25
02920,4,17,20,17,21,41,26,27,28,8,11,12
34132,4,28,37,10,11,26,19,30,46,14,14,21
35512,9,26,31,7,13,26,7,11,24,1,17,23
55740,18,20,29,16,16,19,4,20,32,3,4,31
19870,4,14,22,2,6,22,12,22,26,0,10,14
48597,3,4,13,5,17,23,6,14,36,10,15,37
49072,28,42,44,11,21,22,6,11,15,4,20,26
51865,7,22,31,5,7,8,11,16,20,18,22,48
48514,5,17,26,5,26,27,12,22,50,16,16,22
47325,6,9,13,20,36,40,14,32,44,2,10,23
39603,19,26,28,1,8,11,8,24,33,12,32,37
57876,13,40,46,5,15,25,26,34,50,13,22,41
56592,0,9,14,3,7,16,2,8,31,17,22,45
78435,10,20,43,18,18,39,3,8,8,0,9,28
67310,3,24,43,27,30,51,12,21,31,12,15,33
20729,16,31,42,1,21,31,8,25,32,9,13,14
72760,6,8,28,7,15,25,2,16,20,6,14,30
90615,17,24,25,6,14,15,0,11,23,6,6,11
54918,15,26,32,14,28,34,9,16,19,18,32,61
01726,9,20,22,1,18,18,24,35,43,6,12,21
56942,24,34,40,15,24,32,13,16,40,28,41,48
29188,19,45,69,8,31,34,1,26,27,23,25,41
42182,22,30,60,13,32,52,2,8,8,0,10,24
05728,8,11,18,3,3,26,4,31,47,10,11,18
68804,10,12,12,1,10,12,1,3,4,3,24,43
62534,21,30,37,1,18,30,3,10,13,12,20,27
52841,4,19,26,8,15,19,23,27,30,1,1,8
38097,9,35,35,0,8,14,21,25,28,0,15,29
39110,7,29,33,3,7,16,2,8,15,6,26,38
14692,2,11,12,13,20,30,2,8,28,11,27,49
67728,13,14,41,8,13,15,7,37,39,9,16,29
76335,6,9,28,27,47,48,7,10,18,1,5,16
26114,10,19,29,17,30,51,0,23,30,0,7,24
00517,3,7,21,28,34,35,4,15,26,1,18,43
71522,1,4,8,13,17,41,3,14,19,3,13,22
17450,11,16,35,1,3,10,9,14,22,10,11,27
64481,14,17,20,28,29,38,21,34,45,10,27,34
95214,9,17,37,13,38,40,7,11,11,7,36,44
40074,0,29,53,14,36,53,14,26,41,20,40,45
05516,6,13,19,1,10,31,3,4,13,18,19,36
61645,2,9,21,13,13,31,7,31,46,2,16,24
93016,2,8,27,22,50,53,9,27,35,20,28,30
55557,19,20,33,20,38,42,2,14,30,3,29,44
82840,16,20,22,16,22,22,21,31,35,8,18,47
40431,6,20,30,14,24,44,1,21,35,11,19,22
72466,1,8,25,14,22,31,18,18,18,16,46,52
94914,6,9,11,13,21,36,27,34,38,4,19,19
82793,4,5,32,22,38,46,13,14,17,10,18,33
51118,9,23,32,15,19,28,1,1,27,7,11,18
81799,15,21,40,10,15,39,15,22,48,3,16,25
12659,30,35,51,3,17,26,6,12,20,26,30,33
29947,30,38,46,7,7,23,3,22,25,2,6,9
10090,9,21,37,0,19,25,8,14,24,4,20,45
28744,9,14,31,20,20,24,0,6,11,14,21,38
39307,17,23,28,4,19,38,0,16,16,17,21,36
08723,3,7,14,0,7,13,16,19,25,10,24,40
31216,14,39,42,17,26,32,3,11,20,8,14,31
32281,8,21,33,4,15,20,10,25,54,7,17,17
56878,12,24,25,12,37,62,5,9,19,4,11,14
89007,3,23,37,21,36,45,5,12,16,4,11,20
83512,9,12,21,1,19,28,13,32,39,12,15,41
11973,5,33,39,18,24,34,15,21,23,2,2,4
90882,2,14,14,0,3,4,2,9,19,14,20,26
68103,27,56,69,18,25,38,7,11,24,7,30,47
89917,24,31,42,27,33,42,7,11,40,9,17,29
55741,6,8,37,10,13,37,2,16,19,10,13,16
31218,2,10,14,6,17,24,0,21,21,4,6,25
86773,15,18,36,9,34,51,9,13,19,1,11,26
36802,7,7,8,7,32,41,29,47,66,3,7,11
36383,1,4,13,14,17,24,0,5,10,10,23,34
60806,20,31,32,9,21,29,4,22,28,13,13,15
44312,12,14,17,5,10,32,10,28,42,14,37,44
32349,19,37,55,9,14,35,6,7,15,20,45,60
31025,0,14,38,0,2,8,3,19,21,13,30,43
20231,0,21,28,4,27,35,4,31,40,8,9,22
10284,0,20,26,1,11,15,10,27,30,3,31,39
55819,1,1,6,4,13,22,6,6,31,25,34,52
20038,18,35,36,29,51,58,11,20,29,26,34,37
48109,13,17,19,0,15,28,13,21,33,1,26,35
55104,11,18,28,3,11,31,20,46,59,0,11,19
03360,2,15,45,2,21,28,10,29,34,11,26,35
97986,10,22,23,8,26,44,7,25,45,1,28,44
95791,16,25,37,16,25,25,1,14,18,4,12,26
14149,13,31,51,16,16,43,6,9,11,5,16,46
45029,5,6,8,1,15,15,12,13,21,16,26,35
21945,15,24,43,6,13,21,13,17,30,12,13,14
98652,4,12,12,7,12,28,4,33,48,21,26,28
51157,0,19,21,0,15,35,9,29,36,0,9,11
69009,3,6,18,9,12,25,23,29,37,20,32,62
60214,7,13,17,9,11,21,28,31,37,1,8,9
54087,7,17,23,19,20,28,10,25,49,6,25,25
75651,0,8,9,15,24,44,26,33,34,12,27,28
07006,17,19,28,3,6,25,16,19,28,2,11,30
01994,25,51,55,9,9,9,30,41,57,9,24,24
02817,24,32,57,1,4,8,9,15,19,17,17,47
36893,18,32,54,1,13,17,0,15,18,4,6,14
36112,23,27,30,9,20,22,18,34,35,16,19,28
01725,6,21,37,4,17,20,6,19,20,4,16,26
84924,9,10,12,3,15,27,18,20,21,27,30,38
21122,3,17,47,2,14,23,20,25,36,4,10,18
98993,14,30,41,3,9,26,5,10,11,2,10,19
18150,9,12,22,5,11,21,1,6,9,5,6,35
64720,2,7,24,2,9,12,19,36,36,5,21,27
19175,3,8,28,13,15,45,5,34,39,5,24,43
55094,2,22,41,2,12,21,20,21,31,12,21,40
30463,19,22,30,19,37,56,2,19,24,2,18,24
76436,6,7,36,18,26,35,4,7,25,8,10,17
85384,5,6,10,12,32,32,15,19,37,14,19,40
85747,23,38,46,10,20,21,1,7,25,8,11,16
60196,14,23,34,23,32,49,8,35,47,16,31,38
15639,4,4,8,4,23,30,6,21,23,3,9,25
01103,12,34,42,16,26,27,17,24,24,5,17,37
59990,22,31,50,13,24,41,1,12,24,8,14,31
85377,7,36,43,13,22,51,9,18,26,4,21,46
28962,0,30,35,18,36,63,2,2,3,3,4,18
36766,8,19,23,1,12,15,10,20,21,7,17,17
14560,16,17,23,22,27,29,5,20,29,28,44,46
00078,29,37,54,19,38,42,6,9,17,6,11,14
17478,0,19,35,5,27,33,8,19,44,14,17,20
69518,10,12,31,11,13,14,7,7,10,25,25,33
80695,20,20,24,9,12,20,14,40,47,18,28,28
58349,0,11,27,9,31,45,4,22,30,8,35,37
39496,7,15,34,28,28,31,0,20,28,23,26,41
37963,8,14,16,7,35,37,7,27,42,20,29,37
95490,7,17,27,13,30,37,2,7,15,0,21,22
91316,4,7,10,14,16,27,9,9,13,6,7,7
48159,18,37,50,17,31,38,4,4,21,3,3,15
27392,11,16,20,15,30,35,23,30,51,16,23,28
51304,30,36,46,26,32,49,15,16,18,3,5,27
95924,17,29,44,27,35,43,2,17,18,0,0,10
90639,1,4,10,0,6,12,7,8,21,0,10,19
86472,17,22,22,18,19,25,7,13,23,2,24,33
54427,8,16,33,29,48,75,17,21,21,1,9,15
77345,4,11,17,2,12,34,3,18,32,3,17,35
10992,1,5,21,12,13,39,20,40,51,3,9,13
80121,10,19,21,10,29,40,5,21,36,10,16,23
34974,15,16,26,14,15,34,0,20,41,13,36,38
96100,9,28,39,0,20,40,5,18,36,23,31,51
91704,26,33,43,2,9,24,30,56,68,5,13,17
36008,8,13,13,25,46,75,28,29,53,4,13,31
21529,26,27,27,5,11,21,9,22,32,15,24,44
61028,0,4,25,7,19,20,8,18,19,19,48,49
35791,18,38,48,1,17,22,20,27,32,9,16,20
90940,7,20,31,4,9,18,13,14,43,1,22,51
54925,16,16,18,5,25,31,1,14,20,0,4,9
15835,19,31,51,15,40,56,2,14,23,11,18,27
92551,0,14,16,6,7,14,17,31,41,29,36,44
36955,2,11,33,17,32,35,17,29,31,10,20,39
55786,13,22,41,17,27,36,5,35,40,12,18,30
78059,7,17,33,7,26,38,9,20,27,5,8,16
63692,12,27,28,8,16,20,30,55,66,6,30,57
12726,14,33,54,8,13,43,24,34,44,4,27,28
02035,19,35,60,9,16,19,4,5,12,6,9,14
26951,27,47,56,9,20,26,7,25,25,4,13,17
61169,1,5,15,15,45,65,14,26,31,12,20,44
93579,1,10,19,5,14,25,19,28,41,10,11,41
95443,11,15,18,9,16,43,10,20,23,4,6,6
87985,3,13,22,10,24,25,19,29,33,20,44,54
38672,13,17,35,18,23,30,2,14,28,14,41,44
07924,24,24,28,19,21,28,0,15,39,15,21,29
79773,9,16,17,2,19,28,2,10,18,4,24,27
05774,0,6,11,20,23,25,5,10,11,7,21,48
77569,20,28,29,16,40,60,27,44,52,26,31,35
36590,11,16,16,12,13,18,16,17,31,2,25,25
68922,10,14,17,11,11,22,6,16,18,11,16,20
68269,19,19,46,5,22,23,2,9,35,7,22,29
58218,5,11,25,1,20,30,27,31,49,19,29,50
18328,9,23,30,7,9,37,26,38,49,14,39,40
90480,1,26,33,30,59,60,5,24,36,15,15,19
60084,7,9,25,6,8,11,18,28,58,13,16,35
05790,29,38,51,28,31,36,16,22,28,12,23,30
92232,12,32,59,26,28,32,11,31,49,19,39,58
70971,4,11,27,8,15,26,5,15,27,8,22,27
78992,9,11,15,16,38,52,6,26,34,18,22,31
47775,21,40,64,15,29,45,8,22,38,8,28,30
39795,7,25,28,28,36,44,7,10,13,0,20,20
64232,10,17,42,4,9,26,26,45,72,19,26,29
41967,6,16,21,10,25,53,8,8,35,25,27,45
69916,1,3,14,13,32,37,2,2,9,12,17,21
38463,5,6,8,10,35,36,17,24,26,18,28,41
66407,15,25,27,0,7,15,1,18,18,2,17,27
89711,21,28,38,30,36,57,16,16,19,4,23,26
30625,7,15,22,6,21,34,2,8,13,11,18,23
42044,7,9,9,2,18,19,28,36,45,3,4,13
59280,8,34,41,15,27,31,2,4,23,10,12,16
57758,4,14,27,0,3,15,16,21,28,18,32,53
71748,10,19,28,0,22,26,1,9,17,15,24,26
26823,22,24,36,8,20,20,10,13,19,25,53,67
69917,29,34,46,2,6,16,30,35,48,7,10,12
38090,8,38,47,27,29,44,9,16,29,9,18,29
73905,10,32,51,7,7,27,3,3,13,13,16,41
64618,3,11,18,19,39,49,3,22,29,2,32,57
83412,2,31,36,16,22,22,2,17,19,29,38,38
38207,16,29,47,20,40,56,5,32,48,2,10,19
58043,16,19,41,20,32,48,6,13,21,12,38,50
89408,9,24,32,30,32,36,26,28,34,0,26,35
53419,5,6,20,6,18,26,1,2,11,21,23,24
26717,16,19,28,16,21,34,1,10,30,16,35,44
31279,2,4,11,1,12,12,13,14,21,0,1,16
08572,23,33,55,30,36,49,7,10,21,8,25,25
66198,12,12,13,1,7,24,19,45,59,4,5,14
69124,2,4,13,0,7,21,13,18,19,2,15,17
17682,5,10,14,8,22,50,2,12,22,14,36,52
44892,2,11,13,7,17,18,15,21,23,23,53,56
54363,3,19,36,21,29,49,4,22,24,14,20,31
42532,11,18,25,3,9,10,8,26,37,2,13,21
32964,30,46,49,1,3,6,22,28,36,8,22,25
04486,5,7,16,6,20,20,9,25,35,25,33,34
79852,7,8,25,3,19,35,16,22,30,4,17,22
45467,20,21,31,5,31,40,14,23,44,1,1,6
34978,3,8,23,1,20,30,7,14,20,8,27,39
06651,13,39,56,19,23,31,2,10,11,5,11,25
56247,5,12,12,6,9,23,9,13,21,5,5,12
04896,8,21,22,5,17,37,13,20,24,4,28,30
11254,6,36,52,17,18,23,5,10,11,9,25,32
87933,15,18,26,0,2,18,14,18,39,6,16,23
28690,27,35,39,2,5,11,2,28,34,10,29,34
82754,19,21,24,3,20,43,2,8,25,9,14,27
32218,15,19,47,7,10,25,5,34,48,9,28,45
06459,9,13,18,7,21,31,7,16,22,20,47,57
45577,14,19,27,16,20,46,27,39,44,14,26,26
72517,5,15,28,21,25,48,13,19,21,10,23,36
62996,7,8,8,9,23,39,9,12,22,8,13,15
43832,5,13,18,3,11,11,30,60,68,14,31,37
76924,1,19,27,3,14,29,9,27,27,3,16,29
40332,0,0,8,1,5,9,6,12,22,6,18,34
88330,23,23,23,13,15,17,10,13,28,0,9,14
51477,14,34,34,7,8,16,0,7,15,20,40,47
63216,7,19,24,17,22,34,3,12,19,28,55,57
08589,15,18,28,0,2,10,12,25,27,20,30,32
17350,1,12,25,7,8,18,23,53,63,15,24,41
80474,23,33,55,29,37,44,9,28,31,6,8,10
85370,11,11,21,9,29,46,2,3,3,3,25,43
72808,25,26,30,8,12,17,14,25,38,6,17,25
38328,14,29,34,19,29,31,7,19,19,18,32,33
18449,1,26,26,11,22,31,6,6,25,18,27,27
87906,8,10,14,9,13,21,7,35,53,20,37,43
65958,6,23,27,1,8,12,25,32,32,19,39,40
89895,2,17,36,16,21,28,2,4,6,12,28,55
45404,4,5,7,8,16,22,1,9,13,7,24,30
46178,19,47,61,0,1,17,16,23,32,16,19,24
27905,18,35,44,1,7,8,10,21,23,11,32,52
62710,0,15,29,7,25,54,9,20,33,5,13,19
03552,11,12,22,16,44,50,20,25,32,4,6,30
53301,26,33,45,6,6,12,5,33,38,16,25,30
19351,4,18,48,5,26,34,5,9,27,2,5,5
34311,14,32,42,0,10,11,6,25,48,10,10,34
56225,3,10,21,4,7,7,13,20,28,4,11,14
92893,10,16,19,1,8,23,8,18,33,17,47,66
19811,3,21,36,16,28,34,9,33,36,6,22,36
96274,7,27,45,25,39,55,4,12,36,2,13,18
59986,7,12,41,13,22,33,9,11,18,11,14,34
89242,9,12,31,6,25,44,11,24,25,3,3,10
26781,11,18,23,7,9,19,3,11,12,29,38,44
32293,1,13,37,3,7,24,4,10,22,7,10,36
75715,12,34,51,9,16,21,12,18,43,30,44,74
09375,19,27,40,4,7,13,2,19,23,6,11,18
90245,11,19,34,17,27,37,15,36,53,16,32,47
80637,6,26,28,1,28,28,23,39,66,19,22,27
49917,3,3,23,1,9,19,2,6,15,8,17,18
39051,6,23,28,16,27,35,24,28,58,2,29,31
47332,6,36,39,2,2,10,3,12,19,21,21,37
07651,3,9,36,10,25,41,30,34,51,12,19,37
99558,7,16,16,10,12,31,26,28,35,15,22,28
65578,5,18,20,3,13,20,3,6,14,3,16,23
95997,29,43,53,8,11,35,2,11,29,15,25,45
25894,1,10,15,26,30,34,2,8,14,7,15,25
33116,16,30,33,16,17,41,7,9,32,14,22,29
93904,7,11,27,14,33,57,13,42,43,25,44,53
20390,6,10,18,1,19,20,24,30,50,6,26,43
45909,13,31,34,10,17,19,11,18,26,16,23,23
60317,4,13,23,23,53,67,0,3,24,5,14,32
63451,1,8,10,10,20,33,6,21,49,8,19,20
62531,9,10,18,7,9,24,8,15,19,6,17,38
25572,20,27,33,12,22,41,14,16,35,5,18,23
24998,4,7,7,12,18,31,5,19,22,26,26,39
53624,10,25,41,9,39,47,11,13,30,12,13,14
11449,1,19,42,8,13,16,9,26,28,10,15,24
55188,17,17,18,30,48,48,15,32,46,11,19,23
87553,4,21,41,7,18,29,4,13,32,4,34,60
01872,16,23,23,28,28,28,3,3,4,25,25,43
97337,0,25,26,23,24,30,4,6,7,6,15,31
37239,4,8,25,0,6,17,0,4,27,5,5,25
46716,3,13,17,8,16,36,0,10,18,19,26,29
09060,11,17,27,3,4,22,5,12,32,1,10,29
28068,1,9,14,9,22,32,0,7,32,13,14,17
53655,14,30,36,18,20,22,5,13,16,0,10,39
55815,17,25,36,13,23,23,4,13,31,0,21,34
47505,30,42,43,8,11,15,18,36,38,7,17,23
69048,18,36,47,9,16,34,8,26,34,25,26,27
84555,8,12,17,0,7,8,3,15,15,27,35,59
63453,16,42,42,30,33,40,7,19,22,8,15,15
94163,0,8,16,2,2,9,12,29,29,8,18,22
96891,12,32,36,19,28,31,19,32,40,11,19,25
30925,3,30,38,19,34,64,11,35,54,10,14,26
58433,7,9,24,10,20,37,2,19,27,12,17,21
93687,2,9,16,9,12,31,5,14,32,15,30,33
19416,29,52,57,20,33,38,3,7,23,8,15,28
56873,2,15,21,2,27,40,28,28,36,5,5,9
52895,5,8,25,2,21,29,7,13,25,3,9,15
86199,9,10,15,6,22,25,7,30,39,6,6,9
08525,12,19,24,22,51,70,5,30,49,1,14,27
81116,6,12,21,8,35,39,27,43,49,2,19,30
80205,4,6,6,17,17,19,6,7,20,9,16,16
68295,13,24,43,16,19,38,16,17,17,13,30,33
19042,1,8,12,0,14,29,8,8,12,9,26,41
62794,2,26,27,5,7,15,13,20,40,4,9,14
25040,13,13,41,25,44,68,12,16,45,5,8,8
83475,8,28,46,27,34,51,9,13,14,8,13,13
66838,26,33,38,7,22,24,10,16,27,3,5,29
32089,5,11,20,0,1,9,11,16,16,6,11,14
40450,13,26,45,25,33,45,1,10,13,29,35,40
02832,7,18,24,12,22,29,7,7,8,8,17,36
39412,28,47,47,1,4,14,11,12,28,17,26,26
84774,0,2,2,9,21,38,10,10,13,23,28,53
48336,16,19,21,16,35,39,0,4,7,15,20,29
71610,8,18,26,11,20,34,27,46,53,2,12,30
67210,25,26,34,7,13,15,1,20,24,4,33,62
09403,19,28,36,8,19,23,6,7,21,10,18,20
18095,2,10,15,8,13,39,8,17,21,10,15,24
83797,8,9,28,7,7,29,8,17,18,9,12,19
68903,2,9,29,13,13,28,10,20,29,10,19,29
59253,22,32,35,11,22,31,25,26,33,21,24,34
71682,1,2,16,3,28,45,1,5,9,18,29,58
32011,4,11,16,6,16,33,20,20,21,16,23,32
17131,26,34,50,9,17,18,5,15,37,16,34,40
25493,6,11,13,5,6,14,22,40,69,10,12,16
72980,8,11,37,6,8,26,18,20,28,3,6,9
71949,0,7,32,1,7,26,7,14,27,18,19,30
16557,17,17,21,12,15,16,17,23,30,6,21,27
30649,10,14,30,0,14,30,4,7,22,5,6,7
54653,14,18,24,19,28,29,1,8,10,9,17,18
57973,2,20,25,8,9,35,9,14,22,1,1,10
02453,5,14,17,17,26,34,5,23,32,12,14,21
97519,3,5,13,18,42,48,0,17,44,21,32,38
63083,8,14,33,8,31,34,10,19,22,6,9,19
57952,6,9,13,4,12,27,17,31,46,9,14,39
31516,19,27,42,8,19,27,3,11,20,5,20,22
23358,5,11,20,7,22,25,0,13,33,18,23,33
35424,4,12,41,0,27,41,30,36,43,4,13,21
68880,0,7,17,8,36,56,6,14,16,10,10,15
08694,30,55,73,9,24,51,12,25,34,14,18,46
71681,10,18,23,12,36,56,16,25,55,2,9,12
67758,2,25,25,1,5,16,12,12,17,19,27,30
59441,3,13,13,16,27,37,19,37,45,10,37,47
98034,23,43,66,10,31,38,2,22,34,8,9,21
22692,17,30,33,13,13,15,17,35,39,3,30,33
65972,6,16,35,5,31,50,3,7,29,3,28,50
00885,10,25,30,7,19,33,14,23,23,3,28,44
43525,7,29,35,9,21,47,4,10,18,1,8,15
76647,5,5,12,12,21,49,5,8,8,9,10,25
52858,22,41,57,5,18,31,3,15,31,28,44,51
57070,4,23,28,30,47,66,1,11,19,8,31,44
08586,5,14,33,8,17,32,7,14,18,2,9,24
33989,26,28,43,7,8,21,21,24,24,10,10,13
57392,4,6,30,10,28,36,16,30,60,19,24,28
30368,5,8,20,7,16,22,17,23,41,0,9,11
91321,6,26,31,19,35,37,0,12,19,7,16,22
72555,5,11,31,17,21,25,10,13,25,9,13,22
94334,2,2,11,19,24,32,7,17,31,23,34,37
56456,21,29,58,6,9,10,3,16,23,2,2,4
80574,28,38,47,15,23,24,10,36,38,30,32,32
91384,0,1,11,8,23,30,5,15,16,8,11,36
30227,0,9,11,3,7,19,10,19,34,15,29,38
85027,13,20,33,6,8,14,2,3,7,2,5,23
51754,4,20,46,1,5,12,17,24,25,13,23,24
31079,24,28,52,11,11,33,17,24,25,20,37,40
62180,0,0,15,13,23,28,8,20,35,3,5,9
48309,11,20,24,5,8,17,10,38,68,5,12,23
22476,29,36,49,10,15,25,16,17,25,0,0,4
89349,9,13,13,2,8,15,7,22,23,5,21,40
25286,10,29,54,26,32,53,22,30,42,20,44,47
71084,3,7,17,5,17,32,3,7,12,1,20,50
28364,16,34,41,0,3,10,27,33,37,5,17,35
94552,11,13,35,0,11,21,4,18,29,25,33,54
56067,11,35,43,1,12,30,12,22,42,4,12,32
82798,5,9,18,24,26,32,10,11,22,4,10,12
80757,15,17,34,11,14,21,1,11,15,19,25,35
51465,6,14,33,10,22,37,8,36,36,7,28,34
78043,6,13,14,6,32,43,5,13,30,0,8,15
81716,4,5,26,9,10,31,15,23,30,10,24,43
24424,8,21,26,4,12,16,22,32,33,16,35,47
70530,7,22,29,15,17,17,14,27,49,9,20,39
11639,9,28,31,17,18,26,9,13,32,4,9,22
46827,5,8,10,14,18,18,10,30,37,27,37,43
85024,15,19,32,19,21,21,2,7,17,14,21,40
26244,11,17,31,6,15,33,15,23,33,3,20,32
94750,5,22,30,3,11,14,8,23,28,17,22,30
54336,7,16,32,1,4,17,21,39,63,6,11,23
40935,4,6,13,22,31,39,2,10,12,2,13,26
35802,5,13,24,0,1,23,6,16,20,26,34,34
20160,4,27,44,19,45,63,2,32,59,7,7,8
85780,14,14,21,2,30,37,4,10,14,19,35,57
92472,15,21,23,18,24,33,5,6,11,0,28,38
37804,2,19,29,7,10,33,17,32,60,0,7,14
60547,29,47,55,10,24,29,4,5,10,3,8,24
04631,12,17,18,0,2,9,6,12,24,10,15,19
01655,5,12,21,2,11,13,25,53,61,9,34,36
38937,8,11,11,6,16,20,4,21,28,23,33,43
71310,19,19,26,6,7,8,7,19,33,14,34,41
76628,5,6,32,17,28,37,25,27,32,10,12,21
18549,17,46,53,8,10,18,18,37,52,2,21,30
44121,7,15,32,23,23,33,5,7,25,22,31,33
91960,7,32,49,3,13,26,17,30,30,9,15,41
93668,22,25,54,4,4,10,0,6,11,16,24,36
02215,2,5,27,7,19,24,4,6,10,7,7,26
32912,17,47,57,9,19,23,2,32,33,15,19,21
46595,0,1,6,4,7,14,4,6,24,3,5,14
57409,4,14,29,6,23,30,20,22,24,1,1,23
41451,5,7,11,0,21,38,7,10,20,7,15,28
75470,7,10,20,24,30,38,17,19,26,17,22,25
71080,9,25,25,0,6,12,9,34,42,5,31,38
65082,8,26,26,0,3,8,12,20,49,19,38,44
55398,6,7,11,19,25,29,12,32,37,18,25,31
85859,1,14,15,4,12,14,18,21,22,5,18,24
09849,19,29,48,10,25,29,7,17,23,11,19,35
98362,15,27,49,3,9,23,1,17,36,14,17,22
46904,4,11,17,15,34,64,6,8,12,4,13,14
52577,1,13,22,8,13,14,9,11,29,15,44,50
55870,12,33,36,10,11,15,21,38,43,14,22,36
60023,6,12,27,2,7,22,1,7,30,13,14,24
25357,8,11,15,9,26,36,28,52,66,2,12,22
87407,16,18,31,8,13,19,0,4,11,3,11,25
50944,13,21,27,5,7,8,5,5,10,8,35,62
89487,18,25,26,7,16,46,17,20,24,8,36,48
77274,10,27,39,1,9,19,14,22,38,14,21,34
48606,7,8,25,8,35,55,16,22,22,19,24,37
28619,1,2,14,4,19,48,28,33,47,17,29,37
24905,13,20,26,5,13,19,7,8,15,2,6,7
19190,18,26,33,4,11,22,17,27,51,0,12,27
39274,5,33,50,10,21,27,5,18,18,3,3,6
01660,18,22,50,10,18,20,9,16,36,10,19,44
46102,4,8,36,8,32,45,0,11,31,8,11,35
49955,12,16,30,27,32,40,27,32,39,13,17,27
31243,2,11,36,14,25,51,10,40,68,8,11,15
90219,11,20,48,1,25,43,1,16,43,10,10,27
37878,18,18,23,0,12,15,6,28,44,5,17,20
76606,8,33,38,6,18,27,22,27,27,8,16,18
86868,0,3,18,23,33,41,20,32,59,7,17,17
28856,3,4,20,7,23,45,5,6,16,4,19,20
59537,1,16,27,0,2,7,0,6,18,23,38,52
53814,27,56,83,19,39,49,26,43,64,15,21,35
38803,3,19,46,23,25,25,16,21,27,9,30,48
04957,8,13,15,2,11,27,8,22,49,7,17,23
68695,5,14,24,8,35,53,3,27,35,4,6,8
36167,28,35,60,1,1,19,4,23,33,6,7,30
46945,7,22,25,15,17,17,0,9,10,1,21,30
91772,6,26,30,6,13,17,4,12,18,10,21,25
36906,24,26,27,8,13,18,25,25,44,0,12,12
75925,14,16,35,17,21,27,12,14,25,25,26,45
24433,10,11,14,14,41,44,2,15,34,15,24,24
58817,17,17,27,2,6,25,3,4,23,0,5,9
09114,20,36,44,1,5,7,12,17,28,1,9,17
69590,17,47,66,10,25,40,22,27,31,7,25,52
16073,15,33,56,14,14,29,16,23,29,1,17,29
04398,3,12,12,7,11,11,29,57,62,19,29,35
48106,16,21,30,5,22,26,15,25,54,18,39,64
40113,8,8,21,17,25,32,13,13,13,15,21,34
69888,9,13,16,6,9,15,7,11,28,12,13,24
94089,4,26,26,5,14,15,3,12,12,29,32,46
96727,1,6,14,18,31,38,6,9,25,9,15,19
27895,4,20,29,11,16,20,9,38,50,17,27,37
24248,15,15,36,11,30,48,8,20,22,0,7,9
45448,7,17,33,11,30,34,16,16,31,14,32,41
87478,3,31,35,22,26,32,1,4,13,7,7,11
23453,12,15,21,5,32,42,8,9,23,16,39,61
23334,0,0,15,10,10,13,9,21,39,10,24,25
98825,2,6,19,18,20,46,10,26,30,8,9,23
29806,7,11,31,4,24,24,8,25,38,9,23,48
22392,10,28,43,9,10,25,9,17,19,6,7,34
37858,8,15,22,8,13,18,14,18,31,18,26,45
45237,3,7,25,11,39,66,8,11,18,3,12,34
57505,17,27,36,11,20,27,10,20,25,13,13,28
28664,17,30,40,30,37,47,5,13,29,8,18,21
87563,17,17,18,7,8,12,12,32,44,8,17,38
54368,13,39,39,10,18,19,5,6,18,18,27,44
91739,11,19,27,26,44,50,2,29,36,1,14,20
02952,7,16,16,8,13,18,5,8,10,12,41,58
02651,26,36,46,7,10,25,23,38,38,6,12,28
60683,12,20,29,14,22,22,2,2,3,12,17,27
67464,14,15,35,3,16,24,8,14,20,16,23,36
45947,14,34,45,5,6,10,10,16,22,9,12,15
72981,13,22,24,17,34,40,11,25,34,3,8,16
52198,19,22,40,12,36,47,10,20,22,0,6,16
38171,7,25,26,16,44,55,16,18,43,3,11,17
65888,1,6,36,26,33,49,12,19,38,6,14,14
75903,18,23,26,24,42,60,26,35,53,8,16,28
51827,5,6,12,2,14,37,26,42,52,17,20,20
42663,0,4,15,4,7,17,9,31,48,30,36,37
98969,16,22,28,1,16,26,13,17,20,17,36,44
82323,10,14,34,10,10,10,1,17,26,8,35,48
40348,14,20,20,2,11,14,15,27,29,8,22,35
66825,1,31,41,26,30,39,21,31,35,7,21,25
25044,8,30,35,5,20,30,9,14,18,14,15,25
63200,4,21,41,0,8,11,12,20,25,7,18,22
55886,13,30,47,15,41,44,4,30,46,3,5,14
41720,3,7,27,30,40,47,10,33,48,19,23,28
01129,7,7,25,8,15,29,8,18,23,12,16,16
86500,9,23,31,4,11,19,9,13,40,9,18,20
80108,28,33,37,28,37,45,24,27,46,0,3,10
92937,2,11,12,25,36,62,19,29,48,1,11,39
82089,5,32,38,2,14,18,2,20,29,1,16,20
71351,13,40,57,0,22,31,15,21,43,2,10,29
75380,28,30,54,2,12,21,10,15,28,2,18,21
69447,3,25,34,4,9,15,10,14,41,2,24,37
61763,16,22,28,2,7,10,10,11,11,2,14,22
07555,9,32,39,19,42,56,3,18,25,16,36,40
01614,2,20,25,6,26,39,4,30,57,6,17,23
23350,25,43,46,10,17,30,4,4,15,2,10,20
80850,4,5,25,2,14,27,8,8,37,2,7,11
13129,9,10,19,9,13,21,8,17,22,15,16,23
87438,4,28,47,9,33,33,21,26,30,24,32,50
02037,4,27,35,6,18,24,0,1,9,0,9,18
46831,1,20,22,18,26,36,23,33,53,6,31,44
80405,0,0,15,7,32,33,18,37,40,1,5,10
47912,17,43,69,5,8,14,12,36,38,5,5,8
16038,12,14,42,9,14,20,4,21,30,12,24,37
29061,14,29,47,4,8,18,2,23,37,5,5,5
32895,18,47,47,21,22,27,17,18,25,13,15,42
01589,6,6,10,11,21,23,7,10,26,6,8,8
55169,1,8,34,16,20,39,6,33,40,15,15,29
93728,2,16,23,11,21,24,3,20,21,3,14,23
02261,19,25,26,1,13,23,21,41,58,24,25,44
55073,6,20,34,5,8,10,4,34,52,26,30,39
08551,11,17,26,0,18,24,13,38,40,5,7,13
21955,10,12,22,17,27,45,6,13,15,5,7,30
45587,28,54,63,7,21,26,8,13,17,16,18,22
88526,4,9,27,29,33,43,14,28,30,22,26,42
28432,10,10,31,0,13,18,15,16,23,28,36,39
55123,5,10,34,9,17,27,15,17,27,3,15,21
94547,1,20,24,4,24,30,7,16,22,18,45,52
61378,8,27,49,18,33,34,2,2,10,10,39,40
84174,8,28,46,9,24,32,20,35,40,9,10,14
48360,0,14,33,2,23,46,5,23,38,3,19,44
61157,9,33,47,17,33,51,15,45,54,7,12,12
63212,6,9,18,0,24,26,12,32,42,21,26,31
56251,0,24,48,12,14,32,7,9,12,8,28,35
22283,22,34,51,11,11,13,12,32,33,8,21,30
50139,0,18,25,14,36,42,5,21,27,21,23,23
47346,1,16,31,5,14,24,8,15,31,8,21,45
30950,3,12,25,23,24,50,7,24,27,9,20,28
03501,1,4,15,6,31,36,14,23,33,11,35,37
80220,7,22,47,5,15,42,1,11,25,10,28,50
45115,9,29,41,0,19,29,2,13,13,9,35,44
19160,27,36,47,20,26,52,10,17,25,7,12,19
45774,3,3,19,3,23,31,1,2,6,20,28,37
49086,6,7,14,15,22,23,0,10,30,15,43,60
15819,5,11,17,6,7,24,8,22,35,0,25,34
47271,3,4,5,0,8,27,0,3,3,16,21,26
92336,0,16,27,1,21,49,7,14,18,8,10,22
01149,17,20,37,10,30,40,14,28,38,0,24,28
73899,5,13,31,0,0,6,12,18,35,16,26,30
69441,27,47,60,1,15,18,0,3,12,9,33,46
81586,5,13,39,14,20,46,28,28,35,7,16,16
74677,30,46,47,9,21,25,10,13,20,29,31,33
41431,4,24,29,4,10,35,8,24,46,14,14,23
03744,30,34,59,30,39,53,9,21,40,6,22,29
68773,0,16,26,12,21,30,5,6,9,8,15,18
29043,16,39,41,18,24,44,1,24,54,9,36,46
21616,28,39,49,19,39,57,8,8,9,17,22,31
42872,6,8,20,0,9,16,19,29,35,8,18,19
62331,9,19,27,6,14,25,4,12,18,9,13,28
32634,12,14,18,12,17,21,0,8,11,3,4,10
17783,5,11,37,26,29,43,11,29,44,0,6,12
50861,6,17,23,5,21,24,0,19,20,4,11,26
17785,20,24,35,14,30,48,10,16,33,2,7,14
49600,5,8,22,8,25,50,7,14,20,24,30,35
49336,5,22,49,11,20,21,19,33,61,5,9,19
48699,11,14,28,2,15,28,14,15,15,9,35,40
46596,2,30,31,8,22,22,8,26,28,7,14,30
28612,9,26,31,11,20,24,2,16,23,12,12,24
18211,10,12,15,3,11,41,6,12,21,0,10,11
49184,6,9,18,16,23,24,8,35,36,28,34,55
45656,6,33,40,3,23,29,18,18,19,17,23,23
53309,5,13,24,17,27,34,16,23,27,8,9,18
27594,3,21,39,1,12,22,7,13,16,3,3,20
77259,12,14,27,4,7,16,6,14,14,30,38,58
71729,17,22,30,23,46,55,19,19,23,7,15,24
27162,3,22,25,7,16,24,1,8,33,13,15,27
53639,1,1,9,18,22,42,10,23,49,20,30,50
61244,4,16,29,15,23,24,7,7,37,9,23,33
06074,15,44,72,1,6,24,15,23,33,6,27,45
52459,15,27,39,12,21,23,7,15,25,3,13,19
91261,6,15,25,15,19,33,3,31,38,7,25,35
86624,9,10,37,3,18,24,24,36,60,9,36,42
76663,6,19,27,1,10,23,6,19,37,10,22,30
91194,8,25,26,7,21,38,12,29,53,8,23,26
13885,0,5,23,19,22,31,23,39,45,1,9,9
45310,4,5,7,18,27,44,8,9,13,4,4,8
29406,6,29,47,0,9,13,1,18,37,3,4,19
54685,16,19,32,12,13,36,10,21,22,29,42,53
52044,20,28,33,0,18,22,15,31,40,26,34,37
66121,8,16,19,7,26,33,3,18,24,18,20,33
87735,13,32,35,20,31,50,7,13,16,16,23,53
69279,10,13,26,18,37,60,5,13,31,16,31,36
30503,25,27,56,19,22,40,11,32,36,3,15,22
21271,19,20,23,7,25,29,5,12,19,24,53,69
53267,8,12,22,5,11,11,6,9,22,18,29,32
37159,12,38,45,3,8,25,27,32,57,7,13,23
17939,2,9,14,9,13,41,3,6,11,3,11,23
89596,6,24,39,29,40,49,3,5,22,9,11,31
50012,26,43,50,1,4,10,23,49,51,8,22,46
37862,2,26,29,16,26,32,3,9,17,9,31,40
83327,0,17,24,7,14,17,4,24,42,9,27,27
30863,9,36,37,22,31,51,17,33,51,15,43,47
80311,5,31,34,27,37,44,0,1,26,19,34,44
98950,20,27,46,8,28,32,20,21,23,4,9,34
29317,4,29,58,20,42,44,8,12,24,29,33,38
99747,15,24,34,3,9,26,9,18,24,9,13,42
73240,26,53,65,0,16,26,9,32,42,0,1,5
16672,19,49,50,18,35,36,7,10,26,4,32,52
98882,8,12,29,4,14,17,5,30,38,9,10,14
25645,14,23,32,7,16,23,4,7,8,4,10,25
35713,23,46,49,3,5,23,12,29,29,4,16,25
64294,18,33,37,10,16,31,1,9,32,2,15,22
14935,4,30,49,9,14,26,0,7,11,16,31,38
65910,1,10,17,10,22,30,8,16,21,7,35,36
63607,1,7,30,22,27,37,22,32,36,17,23,40
20156,19,38,43,10,37,47,1,3,8,7,11,17
61559,7,10,16,8,8,10,9,22,23,27,38,38
66718,7,11,19,11,41,59,2,24,28,20,25,34
13670,6,9,17,6,12,20,4,23,29,13,18,24
09040,1,8,24,9,21,24,18,27,30,15,31,51
66167,2,11,12,14,21,23,17,17,19,16,31,34
63847,9,26,44,9,19,19,6,15,21,2,11,29
90599,9,10,31,8,27,57,0,7,7,4,10,10
40486,5,10,18,0,5,14,2,4,4,13,13,29
76793,3,11,17,24,24,29,28,35,51,0,1,8
98519,14,22,35,19,24,38,7,17,31,9,23,28
35923,2,23,40,8,32,35,17,28,47,14,18,35
37863,3,7,11,5,8,15,8,17,23,21,43,60
45479,11,27,28,27,39,41,7,9,11,6,19,38
05322,28,38,53,1,11,41,9,18,41,1,8,17
82890,14,14,16,4,14,31,9,9,27,5,11,15
76680,3,11,21,0,1,9,4,13,17,27,54,57
85643,6,31,31,4,5,17,6,12,28,1,1,17
23400,20,30,53,12,22,26,10,38,41,4,13,26
93271,6,10,12,7,7,11,3,9,15,8,24,42
84832,11,12,19,12,21,36,30,51,61,10,17,26
91607,18,18,30,18,27,33,2,31,61,7,36,46
07399,29,34,40,19,27,30,9,15,15,1,16,22
46764,0,7,21,1,3,23,20,36,53,16,24,43
85340,25,34,35,12,21,36,15,34,44,14,34,35
79619,6,32,57,5,12,26,9,14,18,8,34,62
10271,2,20,25,15,30,55,13,18,28,18,30,39
63237,6,10,19,3,16,28,23,28,29,10,20,27
59247,1,4,6,17,27,31,16,31,31,6,24,34
82790,7,15,25,19,20,47,9,29,55,3,9,11
60825,6,19,23,8,9,23,19,22,34,9,10,18
52930,20,26,44,25,33,38,6,23,24,1,10,18
66937,23,34,53,16,24,32,1,5,9,4,9,13
56262,3,17,30,9,34,59,6,10,35,5,10,39
38778,6,14,29,15,29,36,18,47,71,11,12,19
52669,5,8,35,24,28,28,8,11,14,22,31,38
65907,17,18,41,0,4,18,7,30,35,20,35,35
63729,17,19,44,17,21,28,16,27,55,22,27,32
08900,4,29,35,23,49,59,6,12,21,6,10,13
16808,19,27,42,6,17,17,16,19,32,6,11,35
47656,6,35,58,13,29,30,4,11,28,1,1,21
87374,12,23,29,26,56,65,28,54,54,2,3,14
09075,27,47,50,20,22,41,14,27,34,16,23,31
63862,17,34,54,9,27,30,0,14,43,17,18,30
16518,17,19,32,27,39,63,4,23,26,6,19,33
17377,15,17,24,12,20,35,0,2,2,10,32,49
48160,18,36,42,5,7,12,10,37,38,8,11,19
43387,12,24,48,2,15,22,5,11,20,8,18,31
52712,14,27,31,9,36,43,7,18,28,1,1,13
45416,8,22,27,11,17,29,8,23,39,1,10,18
03166,7,10,38,25,29,36,8,8,23,3,12,20
20902,2,5,9,3,4,8,19,19,25,17,39,48
62010,10,40,42,12,30,30,5,12,12,6,14,14
15168,3,24,34,5,8,16,10,10,27,1,7,19
71973,30,55,62,10,17,45,21,49,59,19,23,36
06921,27,28,29,29,39,68,14,36,52,17,24,46
34705,6,21,26,8,23,29,14,16,23,7,26,31
73326,9,26,36,8,11,17,22,31,46,25,30,40
22514,17,21,23,22,33,62,10,16,35,4,20,38
58849,0,10,17,4,6,15,9,13,41,18,22,36
63941,20,26,26,19,33,39,16,16,21,3,8,9
49589,0,0,9,5,13,14,4,5,5,10,12,19
83679,23,33,36,10,11,15,15,20,20,8,12,14
23384,27,27,34,6,14,19,4,12,16,10,26,27
76372,1,21,23,3,13,20,8,9,12,14,40,49
59030,10,16,21,17,36,36,8,30,43,6,10,25
33719,9,12,20,2,18,23,30,32,38,9,9,9
17173,16,25,35,6,13,23,8,10,31,1,13,23
93623,12,28,33,22,23,27,6,17,20,3,3,17
56805,0,25,32,17,34,44,28,37,54,10,24,42
44438,8,16,24,18,23,25,7,7,9,30,40,43
60729,7,16,19,9,19,41,3,9,13,0,12,36
35189,12,29,29,17,38,49,5,7,10,1,4,12
65164,4,11,21,16,19,20,2,15,19,23,29,42
69290,1,7,17,5,31,34,5,8,23,25,49,67
77769,2,21,37,8,14,21,8,12,12,3,12,16
66414,10,15,34,4,13,19,5,17,21,4,4,18
08828,1,2,11,3,19,38,11,26,46,2,20,30
68875,24,26,30,5,21,42,6,9,30,9,9,10
38750,14,30,53,0,5,5,19,37,43,9,35,62
49674,1,4,16,17,22,38,6,12,30,18,30,40
76202,2,15,22,17,26,28,10,13,18,14,41,56
62294,0,3,8,19,28,33,9,9,16,8,15,24
35429,10,29,39,13,22,36,8,14,17,2,10,22
79604,20,39,46,6,18,18,6,32,32,6,17,25
60906,5,7,13,7,35,42,6,23,48,15,39,43
43711,4,9,24,16,33,36,10,13,42,4,24,42
97554,18,29,36,6,14,31,7,8,12,2,18,23
87204,19,25,25,14,39,56,4,10,40,4,6,19
10281,5,8,24,0,17,25,5,5,9,28,53,63
18073,10,12,26,11,28,38,2,6,11,7,11,12
02618,8,10,28,17,31,40,5,15,38,19,37,46
48356,15,25,27,9,36,55,2,3,13,10,33,39
97484,8,8,29,8,23,35,0,3,8,28,31,48
19272,7,13,24,10,12,14,14,22,28,1,8,27
09785,3,20,39,4,10,18,1,7,26,6,11,18
56923,14,19,20,14,23,24,1,1,11,3,3,12
02594,4,25,52,21,25,40,12,26,32,7,23,27
72898,6,14,32,1,8,23,10,15,21,7,32,42
13400,25,29,32,8,8,9,19,21,28,3,10,14
35597,2,4,6,8,11,20,3,18,19,9,22,27
13726,8,8,25,12,17,32,14,36,60,10,11,20
25053,10,10,38,25,33,59,14,19,25,14,28,54
32384,15,21,25,0,0,1,7,26,36,10,29,30
28201,9,17,17,4,15,19,8,19,47,0,7,8
87404,6,8,10,1,17,25,2,21,26,22,44,49
96565,6,24,32,2,26,42,2,9,12,4,10,13
85691,9,9,23,23,44,48,29,38,51,18,26,31
04478,8,27,46,9,16,33,14,42,61,3,8,18
02623,6,14,30,1,6,14,26,55,56,8,30,50
88472,7,36,40,6,15,23,8,27,37,1,10,38
05473,19,22,26,5,6,15,21,26,41,8,12,29
80897,14,14,18,13,25,39,4,12,25,25,29,30
14602,17,30,32,10,18,37,22,41,53,10,23,39
03970,11,15,16,8,31,40,3,13,18,8,10,20
13848,8,14,19,4,33,51,10,12,39,17,19,47
17052,9,32,51,4,24,45,1,5,15,25,29,31
78418,2,3,9,6,13,23,3,12,27,5,15,21
26243,19,22,28,3,22,31,18,23,32,2,12,12
86235,7,13,18,15,31,39,8,18,23,18,28,28
08260,3,20,36,13,18,27,8,28,29,11,12,26
11070,23,33,53,27,54,62,25,29,52,8,19,36
25386,21,37,64,4,18,20,12,23,25,22,32,47
25350,22,32,48,9,28,32,5,7,16,0,3,6
94681,1,16,34,29,41,42,6,13,21,20,27,45
45118,26,37,40,1,25,31,4,17,26,9,25,30
21543,19,25,27,19,24,52,15,16,21,29,57,63
88519,7,23,31,6,15,45,3,13,33,28,46,46
97309,8,12,17,0,0,19,1,21,35,0,11,32
17344,0,10,20,16,29,37,20,40,47,18,41,56
81589,5,32,36,7,27,36,4,8,27,22,41,61
24182,8,28,30,16,27,49,13,36,45,18,36,41
11911,9,9,19,29,59,67,28,41,49,12,20,25
66958,4,12,24,24,24,27,9,15,35,3,4,6
51243,8,26,32,0,23,45,0,24,24,17,23,36
42713,14,20,46,23,41,46,9,13,21,4,11,15
34749,12,41,67,0,10,17,26,31,44,10,25,31
57813,19,25,38,2,6,9,7,17,25,4,13,21
50081,2,7,16,14,23,30,26,28,31,13,16,23
43526,7,37,40,1,1,3,19,19,20,12,25,32
91908,18,25,26,3,3,4,11,14,19,20,21,31
38847,1,7,22,10,10,20,1,5,6,19,23,38
81171,18,20,37,0,13,21,3,4,32,17,22,32
45094,14,15,20,8,9,13,14,18,23,24,29,48
49112,2,27,39,9,29,29,17,22,39,27,45,53
59568,6,27,39,9,21,26,21,47,56,8,37,44
29914,29,29,39,10,18,28,10,26,36,4,5,9
80190,17,23,28,20,29,40,24,30,40,3,16,42
09385,12,15,23,0,8,36,9,12,17,0,8,28
34491,18,34,50,1,27,27,30,37,41,1,9,17
89662,2,13,22,6,11,24,2,5,29,14,35,37
42180,9,15,18,3,14,16,23,34,57,5,28,48
02715,21,22,27,4,21,29,5,18,24,5,32,32
45343,2,4,22,18,27,28,1,4,7,13,15,33
